Comment,Designator,Footprint,LCSC
10uF,"C2A1,C2B1,C8",C_1206_3216Metric,C13585
ATmega328P-A,U2,TQFP-32_7x7mm_P0.8mm,C14877
100k,R8,R_0805_2012Metric,C149504
680pF,C1,C_0603_1608Metric,C1630
1.2k,R1,R_0805_2012Metric,C17379
1.8k,R6,R_0805_2012Metric,C17398
10k,"R14,R15,R2",R_0805_2012Metric,C17414
120,"R22,R4",R_0805_2012Metric,C17437
2.2k,"R16,R17",R_0805_2012Metric,C17520
27k,"R12,R13",R_0805_2012Metric,C17593
4.7k,"R19,R20,R21",R_0805_2012Metric,C17673
82k,"R10,R11,R7",R_0805_2012Metric,C17840
1uF,"C5,C6",C_1206_3216Metric,C1848
33uH,L1,L_Taiyo-Yuden_NR-60xx_HandSoldering,C2049900
LED,D1,LED_0603_1608Metric,C2286
0.1uF,"C3,C4,C7",C_1206_3216Metric,C24497
39k,R18,R_0805_2012Metric,C25826
H_Bridge,H1,SOIC100P600X175-10N,C2653462
CSTNE16M0V530000R0,Y1,OSC_CSTNE16M0V530000R0,C341521
5.6k,"R5,R9",R_0805_2012Metric,C4382
1k,R3,R_1206_3216Metric,C4410
2.2uF,C2,C_1206_3216Metric,C50254
1nF,"C10,C11,C9",C_1206_3216Metric,C9196
MP4541GN-Z,B1,SOIC127P600X170-9N,
LM317_TO-220,U1,TO-220-3_Vertical,
